date,year,ward_id,district,upazila,lat,lon,scenario,C1_air,C2_water,C3_thermal,C4_green,C5_socio,HHI,vulnerability_zone
2025-01-01,2025,1,Gazipur,Gazipur Sadar,23.99,90.42,S1,74.42457040201529,74.34192865509908,81.6846224514789,66.74765912167966,80.07178424147897,75.46279728403215,Critical
2025-01-01,2025,2,Gazipur,Kaliakair,24.06,90.22,S1,61.328770166794214,54.20161329505685,65.58657478216115,52.27707288194788,60.93825741807072,59.409838513100674,At-Risk
2025-01-01,2025,3,Gazipur,Sreepur,24.09,90.47,S1,47.821571639902885,46.23817867082349,46.2951573929789,46.29470543358667,37.56674886214563,45.97454446924933,Moderate
2025-01-01,2025,4,Gazipur,Kaliganj,23.92,90.57,S1,51.67510384704127,41.283107919197306,43.180391698638196,44.36764712196702,43.01848900199459,46.210351520399165,Moderate
2025-01-01,2025,5,Gazipur,Kapasia,24.08,90.57,S1,38.436531589983716,37.874266811233184,36.620778430588075,38.07826571190047,20.138341947216,36.05226205343549,Moderate
2025-01-01,2025,6,Narayanganj,Narayanganj Sadar,23.62,90.5,S1,72.86463371380485,92.74982567026811,81.22951098330186,77.06814251929829,83.59589707240784,80.55995100039416,Critical
2025-01-01,2025,7,Narayanganj,Bandar,23.6,90.52,S1,60.945635335422935,66.12302386185438,66.01676338318347,63.972538036796934,66.41698293349805,63.868536391717726,At-Risk
2025-01-01,2025,8,Narayanganj,Rupganj,23.75,90.53,S1,70.23394385768928,80.33482199922426,66.11152765362537,72.11775042205176,72.14745059760698,72.40975491250563,At-Risk
2025-01-01,2025,9,Narayanganj,Sonargaon,23.65,90.62,S1,39.031129491979186,49.66014355275339,44.39066409464846,48.79554678938801,35.87810425267468,43.03325210612144,Moderate
2025-01-01,2025,10,Narayanganj,Araihazar,23.78,90.65,S1,43.188398660396665,44.50857032222515,46.9937602236363,49.51366231778354,29.40126063366905,43.24217447808608,Moderate
2026-01-01,2026,1,Gazipur,Gazipur Sadar,23.99,90.42,S1,71.19789436864697,68.26914765293425,80.62495644503133,67.64401308856,80.71571166936751,72.66955946384891,At-Risk
2026-01-01,2026,2,Gazipur,Kaliakair,24.06,90.22,S1,58.580090842011465,48.836703985061874,64.6543599900491,53.29284989553605,62.30653171348941,57.08799992389075,At-Risk
2026-01-01,2026,3,Gazipur,Sreepur,24.09,90.47,S1,45.5659050613517,41.32174294565167,45.60571646027407,47.33315921721164,38.61144710821124,43.96632548169161,Moderate
2026-01-01,2026,4,Gazipur,Kaliganj,23.92,90.57,S1,49.278783342929536,36.92763431001424,42.689752320504546,45.41642027452191,44.12052013080788,44.32132161038279,Moderate
2026-01-01,2026,5,Gazipur,Kapasia,24.08,90.57,S1,36.52341897325456,33.54618356868698,36.09710835756815,39.18281497833947,20.893106348282544,34.326678083987055,Moderate
2026-01-01,2026,6,Narayanganj,Narayanganj Sadar,23.62,90.5,S1,69.6948953695562,85.93618910325827,80.2133574363259,77.83721953182412,84.25502186891204,77.60589575553323,Critical
2026-01-01,2026,7,Narayanganj,Bandar,23.6,90.52,S1,58.21094043198525,60.60636897975594,65.2721023479609,64.8873158109517,67.84540793904591,61.54245012942857,At-Risk
2026-01-01,2026,8,Narayanganj,Rupganj,23.75,90.53,S1,67.1602256931889,73.67733737896168,65.26910936788475,72.97331008657922,72.7169084821439,69.55841084026294,At-Risk
2026-01-01,2026,9,Narayanganj,Sonargaon,23.65,90.62,S1,37.09631405182719,44.99854394132792,43.83788521713046,49.791964635655056,36.88634599404582,41.229859809036874,Moderate
2026-01-01,2026,10,Narayanganj,Araihazar,23.78,90.65,S1,41.101842895597436,40.30671466120641,46.52832167927401,50.535508266792284,30.311190523176627,41.49603547628329,Moderate
2027-01-01,2027,1,Gazipur,Gazipur Sadar,23.99,90.42,S1,68.08899201049663,62.486713210702085,79.6134355720157,68.53688179194039,81.3745348157473,70.00322514353951,At-Risk
2027-01-01,2027,2,Gazipur,Kaliakair,24.06,90.22,S1,55.93173831258331,43.66760199415823,63.76563836204569,54.303947415157175,63.699583648270405,54.8632149615556,At-Risk
2027-01-01,2027,3,Gazipur,Sreepur,24.09,90.47,S1,43.39257031291761,36.54657727168173,44.950907445809534,48.36670673916914,39.67525133897881,42.032622929767534,Moderate
2027-01-01,2027,4,Gazipur,Kaliganj,23.92,90.57,S1,46.96992853721786,32.685288163100445,42.22648860386934,46.460183971720056,45.24231919147261,42.500902782433684,Moderate
2027-01-01,2027,5,Gazipur,Kapasia,24.08,90.57,S1,34.68013496703603,29.31858527611014,35.60201956641003,40.28179702828289,21.661563845837513,32.6590628073134,Moderate
2027-01-01,2027,6,Narayanganj,Narayanganj Sadar,23.62,90.5,S1,66.64085247487266,79.51689602550674,79.24376081801113,78.60408405039348,84.92936462821929,74.80316325353934,At-Risk
2027-01-01,2027,7,Narayanganj,Bandar,23.6,90.52,S1,55.576061892523065,55.34480723504718,64.56408876472054,65.79842408353372,68.70699284894226,59.26444449858197,At-Risk
2027-01-01,2027,8,Narayanganj,Rupganj,23.75,90.53,S1,64.19869824169277,67.34781546274797,64.46690667377021,73.82579243063022,73.2995658099164,66.83949682489845,At-Risk
2027-01-01,2027,9,Narayanganj,Sonargaon,23.65,90.62,S1,35.232119375240764,40.492943372512926,43.314750092838466,50.78389657962824,37.91284159762956,39.49903621744705,Moderate
2027-01-01,2027,10,Narayanganj,Araihazar,23.78,90.65,S1,39.0914464162134,36.22459037208116,46.089338965977504,51.55261403247976,31.237550405568676,39.81511608536877,Moderate
2028-01-01,2028,1,Gazipur,Gazipur Sadar,23.99,90.42,S1,65.09356458841876,56.96122219079329,78.64830253506169,69.42630008445573,82.04862488204952,67.45368984929283,At-Risk
2028-01-01,2028,2,Gazipur,Kaliakair,24.06,90.22,S1,53.38005065047928,38.665412777984294,62.91882239766099,55.31041223575088,65.11790237194232,52.72677407697813,At-Risk
2028-01-01,2028,3,Gazipur,Sreepur,24.09,90.47,S1,41.29856228280138,31.887527651700793,44.32946628456951,49.39539706207589,40.758540975855745,40.165942677344454,Moderate
2028-01-01,2028,4,Gazipur,Kaliganj,23.92,90.57,S1,44.74534693191467,28.5338465327253,41.78960133708788,47.49898830811503,46.3842718267324,40.742283581360745,Moderate
2028-01-01,2028,5,Gazipur,Kapasia,24.08,90.57,S1,32.904130827044476,25.16937834677763,35.13446884032573,41.3752675338957,22.44398496641277,31.042875479266712,Moderate
2028-01-01,2028,6,Narayanganj,Narayanganj Sadar,23.62,90.5,S1,63.698282145845084,73.45269246831326,78.31902180046137,79.36875819994594,85.61930506240346,72.14026188092959,At-Risk
2028-01-01,2028,7,Narayanganj,Bandar,23.6,90.52,S1,53.03735641975121,50.307435770424306,63.89138500146496,66.7058995495587,69.24086984840112,57.05046494871749,At-Risk
2028-01-01,2028,8,Narayanganj,Rupganj,23.75,90.53,S1,61.34526654217623,61.30934285851443,63.70345170218742,74.6752282274095,73.89575082568369,64.24217552501145,At-Risk
2028-01-01,2028,9,Narayanganj,Sonargaon,23.65,90.62,S1,33.435967804349744,36.11890302143554,42.82017672477967,51.77138748033053,38.95794998741988,37.83365931853681,Moderate
2028-01-01,2028,10,Narayanganj,Araihazar,23.78,90.65,S1,37.15442940832687,32.240936689673845,45.6758464459129,52.56502701667915,32.18066210858596,38.19300312603174,Moderate
2029-01-01,2029,1,Gazipur,Gazipur Sadar,23.99,90.42,S1,62.20747026724672,51.66130163403763,77.72786417815306,70.31230247021476,82.73836235662263,65.01141813189224,At-Risk
2029-01-01,2029,2,Gazipur,Kaliakair,24.06,90.22,S1,50.92149958804205,33.802760858547174,62.112382540172874,56.31229068430746,66.56198733672358,50.670401925163134,At-Risk
2029-01-01,2029,3,Gazipur,Sreepur,24.09,90.47,S1,39.28098554578439,27.320587550405023,43.740175049911315,50.419278757922385,41.861703473763896,38.359122460521654,Moderate
2029-01-01,2029,4,Gazipur,Kaliganj,23.92,90.57,S1,42.601962555205034,24.4520535010798,41.3781277797405,48.532882877314854,47.546771716095186,39.038941624627185,Moderate
2029-01-01,2029,5,Gazipur,Kapasia,24.08,90.57,S1,31.192950838162613,21.07738886313117,34.69345103994009,42.46328161062116,23.24064594140862,29.471843478042803,Moderate
2029-01-01,2029,6,Narayanganj,Narayanganj Sadar,23.62,90.5,S1,60.86311563382698,67.70699702540364,77.43750308124878,80.13126388417169,86.32523238475686,69.60642425928438,At-Risk
2029-01-01,2029,7,Narayanganj,Bandar,23.6,90.52,S1,50.59131369673556,45.46521388064507,63.252702249764816,67.60977853709224,69.78714865709883,54.927591819709875,At-Risk
2029-01-01,2029,8,Narayanganj,Rupganj,23.75,90.53,S1,58.59598509969206,55.52729389527803,62.977330161263964,75.52164794238983,74.50579998338965,61.756236639670554,At-Risk
2029-01-01,2029,9,Narayanganj,Sonargaon,23.65,90.62,S1,31.70537576579624,31.853202025148885,42.35312260885159,52.75448174819457,40.02203762038233,36.22694880133968,Moderate
2029-01-01,2029,10,Narayanganj,Araihazar,23.78,90.65,S1,35.2881135212282,28.33544941091021,45.28691372702721,53.57279414720536,33.14085419058187,36.6235635767206,Moderate
2030-01-01,2030,1,Gazipur,Gazipur Sadar,23.99,90.42,S1,59.42671838879746,46.557404966578204,76.85048914546817,71.194923108285,83.44413724693591,62.6673912356727,At-Risk
2030-01-01,2030,2,Gazipur,Kaliakair,24.06,90.22,S1,48.552685639383775,29.05361695365824,61.344845061679656,57.30962862454727,68.03234852622501,48.68621294926842,Moderate
2030-01-01,2030,3,Gazipur,Sreepur,24.09,90.47,S1,37.337050359668524,24.198598973892558,43.18186026951471,51.43839991297918,42.98513450024592,36.940747842910056,Moderate
2030-01-01,2030,4,Gazipur,Kaliganj,23.92,90.57,S1,40.53681170824531,20.419492592747435,40.99114033143287,49.56191677699149,48.7302207527341,37.38461059792161,Moderate
2030-01-01,2030,5,Gazipur,Kapasia,24.08,90.57,S1,29.544228918874932,18.226031672646652,34.27799771346509,43.54589382274818,24.051828833889193,28.233434410160285,Moderate
2030-01-01,2030,6,Narayanganj,Narayanganj Sadar,23.62,90.5,S1,58.131432699497566,62.24565347068377,76.59762711948402,80.89162278772399,87.04754554734069,67.19154433974786,At-Risk
2030-01-01,2030,7,Narayanganj,Bandar,23.6,90.52,S1,48.23455153310997,40.79077145829198,62.64679874269829,68.51009701091927,70.34613746843519,52.88763452794357,At-Risk
2030-01-01,2030,8,Narayanganj,Rupganj,23.75,90.53,S1,55.94705242985856,49.96910362808714,62.287179380780785,76.36508173638913,75.13005815142787,59.37203908786422,At-Risk
2030-01-01,2030,9,Narayanganj,Sonargaon,23.65,90.62,S1,30.03795033664992,27.67369359133412,41.91258329235145,53.73322334954877,41.1054786532253,34.67242938599626,Moderate
2030-01-01,2030,10,Narayanganj,Araihazar,23.78,90.65,S1,33.489918164008635,24.488659687965818,44.921644376577405,54.57596188259512,34.118462089109464,35.100913348765566,Moderate
2031-01-01,2031,1,Gazipur,Gazipur Sadar,23.99,90.42,S1,56.74746395391161,41.62162257498272,76.01460562567284,72.07419581614334,84.16634931758816,60.413058368663926,At-Risk
2031-01-01,2031,2,Gazipur,Kaliakair,24.06,90.22,S1,46.27033339985152,25.551805977470003,60.614790025348,58.302471461553516,69.52950668943639,47.04917187810054,Moderate
2031-01-01,2031,3,Gazipur,Sreepur,24.09,90.47,S1,35.46406880784588,22.030746248512095,42.65339130279915,52.45280813265425,44.12923811872342,35.789939780985755,Moderate
2031-01-01,2031,4,Gazipur,Kaliganj,23.92,90.57,S1,38.547038867199625,17.771700773043737,40.62774524918503,50.58613861384016,49.93502922445056,36.10367677911088,Moderate
2031-01-01,2031,5,Gazipur,Kapasia,24.08,90.57,S1,27.955685349641264,16.46069700339056,33.887175757602996,44.62315818892272,24.877821668310332,27.288925008015454,Moderate
2031-01-01,2031,6,Narayanganj,Narayanganj Sadar,23.62,90.5,S1,55.499456192271154,57.03670194880295,75.7978739545202,81.6498563784096,87.78665348447447,64.88611912194305,At-Risk
2031-01-01,2031,7,Narayanganj,Bandar,23.6,90.52,S1,45.9638111884567,36.25823095835798,62.07247803783622,69.40689057617685,70.91815218198448,50.92282386224903,At-Risk
2031-01-01,2031,8,Narayanganj,Rupganj,23.75,90.53,S1,53.394805802473975,44.6040570502202,61.63168642798179,77.20555946861727,75.76887882303835,57.08045723122987,At-Risk
2031-01-01,2031,9,Narayanganj,Sonargaon,23.65,90.62,S1,28.431385935667475,23.559170236665196,41.49759098510014,54.70765581105827,42.208655113017315,33.16389643797807,Moderate
2031-01-01,2031,10,Narayanganj,Araihazar,23.78,90.65,S1,31.757356937327575,20.681820043108463,44.57917468161559,55.57457621679978,35.11382827292834,33.61938788426079,Moderate
2032-01-01,2032,1,Gazipur,Gazipur Sadar,23.99,90.42,S1,54.166002305899106,36.82750542068995,75.21869917854657,72.95015407309191,84.9054083342663,58.240291246372884,At-Risk
2032-01-01,2032,2,Gazipur,Kaliakair,24.06,90.22,S1,44.0712870170622,23.226160622373136,59.920849322039004,59.29086414635848,70.20213801446698,45.650914510956625,Moderate
2032-01-01,2032,3,Gazipur,Sreepur,24.09,90.47,S1,33.659451082664766,20.025442566132472,42.15367877756527,53.462550546301365,45.29442697600562,34.71253319067293,Moderate
2032-01-01,2032,4,Gazipur,Kaliganj,23.92,90.57,S1,36.62989273485209,16.060896063632903,40.28708141163582,51.60559650848915,51.16161599879568,35.08577273091337,Moderate
2032-01-01,2032,5,Gazipur,Kapasia,24.08,90.57,S1,26.425123620684605,14.829702744524203,33.52008612732643,45.69512818760436,25.718918563249755,26.405292447432544,Moderate
2032-01-01,2032,6,Narayanganj,Narayanganj Sadar,23.62,90.5,S1,52.96354682755852,52.050167093839804,75.03677910427415,82.4059859093571,88.54297536231206,62.68119459283297,At-Risk
2032-01-01,2032,7,Narayanganj,Bandar,23.6,90.52,S1,43.77595286638329,31.843041614452815,61.52858736289822,70.30019448195065,71.50351659618185,49.025769514796494,Moderate
2032-01-01,2032,8,Narayanganj,Rupganj,23.75,90.53,S1,50.93571617698894,39.40309302157914,61.009586292156534,78.04311069969188,76.42262433196426,54.87283077320408,At-Risk
2032-01-01,2032,9,Narayanganj,Sonargaon,23.65,90.62,S1,26.883461135320868,19.58988780114783,41.10721322126006,55.677822224121456,43.33195707174147,31.719923850103914,Moderate
2032-01-01,2032,10,Narayanganj,Araihazar,23.78,90.65,S1,30.08803419542038,16.896796850288347,44.25867245471644,56.56868268383122,36.12730239751194,32.17351439039674,Moderate
2033-01-01,2033,1,Gazipur,Gazipur Sadar,23.99,90.42,S1,51.67876400803904,32.14990046674397,74.461310640937,73.8228310236398,85.66173431380281,56.141341606623755,At-Risk
2033-01-01,2033,2,Gazipur,Kaliakair,24.06,90.22,S1,41.95250582724469,21.078645432231056,59.26170477859737,60.274851180484234,70.80438787923026,44.325993252115026,Moderate
2033-01-01,2033,3,Gazipur,Sreepur,24.09,90.47,S1,31.920701904452763,18.170123720912898,41.68167308369898,54.467673811980845,46.48112249414978,33.70434618400068,Moderate
2033-01-01,2033,4,Gazipur,Kaliganj,23.92,90.57,S1,34.782722436335256,14.47884940164169,39.9683191283537,52.62033810036048,52.41040871244851,34.13269440242202,Moderate
2033-01-01,2033,5,Gazipur,Kapasia,24.08,90.57,S1,24.95042739483489,13.322534178400197,33.17586259275153,46.76185676246795,26.575419867210915,25.57902344689495,Moderate
2033-01-01,2033,6,Narayanganj,Narayanganj Sadar,23.62,90.5,S1,50.52019815465789,47.25786156175467,74.31293154025863,83.160032421164,89.31694083465725,60.568315512963004,At-Risk
2033-01-01,2033,7,Narayanganj,Bandar,23.6,90.52,S1,41.66795137306557,27.521824737027035,61.014016021792,71.1900436248355,72.10256260582679,47.189420389982565,Moderate
2033-01-01,2033,8,Narayanganj,Rupganj,23.75,90.53,S1,48.56638332283411,34.33862153747494,60.419660135485486,78.8777646946246,77.09166607349997,52.74091799595948,At-Risk
2033-01-01,2033,9,Narayanganj,Sonargaon,23.65,90.62,S1,25.392035590186918,17.751346251382394,40.740551569996704,56.643765249222824,44.475782824880724,30.82365308080101,Moderate
2033-01-01,2033,10,Narayanganj,Araihazar,23.78,90.65,S1,28.479641733592803,15.034638021389208,43.95933588329567,57.558326362361136,37.159241464138475,31.225787669547653,Moderate
2034-01-01,2034,1,Gazipur,Gazipur Sadar,23.99,90.42,S1,49.28230990805086,27.564796782620153,73.74103410914678,74.692259480851,86.43575778048465,54.108801415636435,At-Risk
2034-01-01,2034,2,Gazipur,Kaliakair,24.06,90.22,S1,39.91106015085552,19.09526843764606,58.6360863351879,61.2544766204375,71.42081234738401,43.078517127477696,Moderate
2034-01-01,2034,3,Gazipur,Sreepur,24.09,90.47,S1,30.2454170712455,16.453220057531265,41.23636292185537,55.46822412117231,47.689755066777515,32.761482860135,Moderate
2034-01-01,2034,4,Gazipur,Kaliganj,23.92,90.57,S1,33.00297385371429,13.015579167485377,39.67065899260794,53.63041055248189,53.68184396495174,33.24090765760135,Moderate
2034-01-01,2034,5,Gazipur,Kapasia,24.08,90.57,S1,23.52955758122868,11.929517558833304,32.85367054138516,47.82339632775175,27.447632297573833,24.806846378452423,Acceptable
2034-01-01,2034,6,Narayanganj,Narayanganj Sadar,23.62,90.5,S1,48.166031708318144,42.633203581322775,73.62497173652626,83.91201674402157,90.1089903051742,58.53947870667381,At-Risk
2034-01-01,2034,7,Narayanganj,Bandar,23.6,90.52,S1,39.63689193425394,23.272229012901025,60.527693858832734,72.07647255246033,72.71563040452455,45.407027425071576,Moderate
2034-01-01,2034,8,Narayanganj,Rupganj,23.75,90.53,S1,46.28353111785593,30.30612708580825,59.86073360772948,79.70955042577678,77.77638473106555,50.90159519204772,At-Risk
2034-01-01,2034,9,Narayanganj,Sonargaon,23.65,90.62,S1,23.95504707745035,16.050963794063755,40.39674039320102,57.60552712024199,45.64053907412985,29.98834334384165,Moderate
2034-01-01,2034,10,Narayanganj,Araihazar,23.78,90.65,S1,26.929955596621923,13.556381997961847,43.68039242092833,58.54355188027457,38.210009982650625,30.40001265685583,Moderate
2035-01-01,2035,1,Gazipur,Gazipur Sadar,23.99,90.42,S1,46.97332638271228,24.482692099131327,73.05651499496342,75.55847192965891,87.22792002876956,52.4850782495965,At-Risk
2035-01-01,2035,2,Gazipur,Kaliakair,24.06,90.22,S1,37.94412724165455,17.26315789796084,58.04277028915944,62.229784082160066,72.0517639049771,41.90406276884492,Moderate
2035-01-01,2035,3,Gazipur,Sreepur,24.09,90.47,S1,28.631280134450293,14.864076326726355,40.81677390511563,56.46424720344068,48.9207642599528,31.880312231583204,Moderate
2035-01-01,2035,4,Gazipur,Kaliganj,23.92,90.57,S1,31.288186094358977,11.661895588236854,39.39333077601347,54.63586055625087,54.97636751690857,32.407114344745864,Moderate
2035-01-01,2035,5,Gazipur,Kapasia,24.08,90.57,S1,22.16054951581909,10.641751763880091,32.552705824090246,48.87979877355151,28.33586908276768,24.085713305395778,Acceptable
2035-01-01,2035,6,Narayanganj,Narayanganj Sadar,23.62,90.5,S1,45.89779233726979,38.151047236990316,72.97158978982668,84.66195949981945,90.91957519615303,56.587089539502585,At-Risk
2035-01-01,2035,7,Narayanganj,Bandar,23.6,90.52,S1,37.679966164958934,20.121373884907378,60.06858977901803,72.9595154669777,73.34306869218842,43.927768936876255,Moderate
2035-01-01,2035,8,Narayanganj,Rupganj,23.75,90.53,S1,44.08400301835943,27.69268247539073,59.33167522243312,80.53849657578625,78.4771705084454,49.447835513909716,Moderate
2035-01-01,2035,9,Narayanganj,Sonargaon,23.65,90.62,S1,22.570508645428678,14.47803773335547,40.074945648554944,58.56314964871975,46.82664111433186,29.210503566228493,Moderate
2035-01-01,2035,10,Narayanganj,Araihazar,23.78,90.65,S1,25.436833003650484,12.187167064989096,43.42109771913395,59.52440341917766,39.279980137970846,29.628239721951424,Moderate
2036-01-01,2036,1,Gazipur,Gazipur Sadar,23.99,90.42,S1,44.74862075604854,22.300887789294347,72.40644815264432,76.42150053014755,88.03867339257022,51.12178785744072,At-Risk
2036-01-01,2036,2,Gazipur,Kaliakair,24.06,90.22,S1,36.04898738363942,15.570471353446367,57.480577603007596,63.200816745434196,72.69760385052234,40.79850705150128,Moderate
2036-01-01,2036,3,Gazipur,Sreepur,24.09,90.47,S1,27.076059195848117,13.392878083601847,40.42196721168346,57.45578833105516,50.174599017730756,31.05744880286681,Moderate
2036-01-01,2036,4,Gazipur,Kaliganj,23.92,90.57,S1,29.635988088220127,10.409336829188291,39.13559236352127,55.63673433615099,56.294434492746106,31.62823520338184,Moderate
2036-01-01,2036,5,Gazipur,Kapasia,24.08,90.57,S1,20.841510244796957,9.45104556801252,32.272193643173146,49.93111547106207,29.24045010774198,23.41278343831842,Acceptable
2036-01-01,2036,6,Narayanganj,Narayanganj Sadar,23.62,90.5,S1,43.7123437032647,33.7875242963215,72.35152360837817,85.40988110422806,91.74915822399448,54.70392129029687,At-Risk
2036-01-01,2036,7,Narayanganj,Bandar,23.6,90.52,S1,35.794468186243186,18.214783587206533,59.63571032231315,73.8392062285187,73.98523488772992,42.78592425882717,Moderate
2036-01-01,2036,8,Narayanganj,Rupganj,23.75,90.53,S1,41.96475769449458,25.2754801582321,58.831394792396644,81.36463154046447,79.19442336783312,48.080151414799765,Moderate
2036-01-01,2036,9,Narayanganj,Sonargaon,23.65,90.62,S1,21.236505866175793,13.02271444246096,39.77436373628503,59.516674228081555,48.034513024739624,28.48688448790564,Moderate
2036-01-01,2036,10,Narayanganj,Araihazar,23.78,90.65,S1,23.998209385322497,10.91868165269124,43.18073459815163,60.500924718860546,40.36953196046172,28.907544850241297,Moderate
2037-01-01,2037,1,Gazipur,Gazipur Sadar,23.99,90.42,S1,42.605116884758026,20.28219273808508,71.78957607426645,77.28137712080013,88.86848152127031,49.837810024589466,Moderate
2037-01-01,2037,2,Gazipur,Kaliakair,24.06,90.22,S1,34.22302013044183,14.006312135224794,56.94837227409684,64.1676173582444,73.35870251533666,39.75800499493299,Moderate
2037-01-01,2037,3,Gazipur,Sreepur,24.09,90.47,S1,25.577603821504923,12.030584089579476,40.05103828675811,58.442892323562305,51.45171787248892,30.289734668159014,Moderate
2037-01-01,2037,4,Gazipur,Kaliganj,23.92,90.57,S1,28.04409530930535,9.250110308157144,38.89672872728158,56.633077654420916,57.63650958815384,30.90139410099748,Moderate
2037-01-01,2037,5,Gazipur,Kapasia,24.08,90.57,S1,19.570615907167124,8.34986006782691,32.01138748105608,50.97739727776632,30.161702062815145,22.785407894239164,Acceptable
2037-01-01,2037,6,Narayanganj,Narayanganj Sadar,23.62,90.5,S1,41.60666394440079,29.51989648519684,71.76355716674914,86.15580176876145,92.59821368158116,52.883077147739144,At-Risk
2037-01-01,2037,7,Narayanganj,Bandar,23.6,90.52,S1,33.97779088375058,16.45340996631256,59.228098289974554,74.71557835861312,74.64249534706603,41.71237243559097,Moderate
2037-01-01,2037,8,Narayanganj,Rupganj,23.75,90.53,S1,39.922864824950786,23.039332413413117,58.35884192225309,82.18798343166466,79.92855327382735,46.79354411666971,Moderate
2037-01-01,2037,9,Narayanganj,Sonargaon,23.65,90.62,S1,19.951194188365637,11.675920792865346,39.494220388009516,60.46614183781854,49.26458786470555,27.814460726345196,Moderate
2037-01-01,2037,10,Narayanganj,Araihazar,23.78,90.65,S1,22.61209552906349,9.743264624180702,42.95861205528175,61.47315908171538,41.479053500222506,28.23519777993337,Moderate
2038-01-01,2038,1,Gazipur,Gazipur Sadar,23.99,90.42,S1,40.539850904769615,18.414035187149324,71.20468715094592,78.13813322171495,89.717819662641,48.628751756565315,Moderate
2038-01-01,2038,2,Gazipur,Kaliakair,24.06,90.22,S1,32.46370068198597,12.560652717070594,56.445059763887926,65.13022824109532,74.03543948938974,38.77896939676193,Moderate
2038-01-01,2038,3,Gazipur,Sreepur,24.09,90.47,S1,24.133842068325258,10.768864223604561,39.703115591789114,59.42560355231319,52.752589160154706,29.574223005361173,Moderate
2038-01-01,2038,4,Gazipur,Kaliganj,23.92,90.57,S1,26.510306616820962,8.177038801902391,38.67605093796121,57.624935815676956,59.003067282308166,30.223903492575616,Moderate
2038-01-01,2038,5,Gazipur,Kapasia,24.08,90.57,S1,18.346109212860775,7.331255834279942,31.769568068052866,52.018694542572334,31.099958595980638,22.201115652997355,Acceptable
2038-01-01,2038,6,Narayanganj,Narayanganj Sadar,23.62,90.5,S1,39.577841496735424,25.326417196383392,71.20651882443609,86.89974150281834,93.46722772770809,51.11795458119117,At-Risk
2038-01-01,2038,7,Narayanganj,Bandar,23.6,90.52,S1,32.22742230279895,14.82587889979667,58.84483142101287,75.58866504357538,75.3152255865771,40.7032293710692,Moderate
2038-01-01,2038,8,Narayanganj,Rupganj,23.75,90.53,S1,37.95550104514535,20.970255050967125,57.913004556066305,83.00858008012167,80.67998044352768,45.5833582966216,Moderate
2038-01-01,2038,9,Narayanganj,Sonargaon,23.65,90.62,S1,18.71279638679555,10.429301193696334,39.23376959614262,61.41159304762699,50.517307873904606,27.19041425462024,Moderate
2038-01-01,2038,10,Narayanganj,Araihazar,23.78,90.65,S1,21.276574828557933,8.65385334366747,42.754064309423164,62.44114937711053,42.608941005415616,27.60864810513563,Moderate
2039-01-01,2039,1,Gazipur,Gazipur Sadar,23.99,90.42,S1,38.549967133050785,16.684835871055018,70.65061399752317,78.99180003778945,90.58717495282995,47.490513659535864,Moderate
2039-01-01,2039,2,Gazipur,Kaliakair,24.06,90.22,S1,30.768596393398738,11.22426434434374,55.96958548449816,66.08869129128652,74.72820385279894,37.858052059862985,Moderate
2039-01-01,2039,3,Gazipur,Sreepur,24.09,90.47,S1,22.74277761913664,9.600042449196405,39.37735939938303,60.40396594494536,54.07769124044653,28.90816285415954,Moderate
2039-01-01,2039,4,Gazipur,Kaliganj,23.92,90.57,S1,25.032501211612267,7.183510949749343,38.47289521214759,58.61235367148922,60.39459205499664,29.59325100468981,Moderate
2039-01-01,2039,5,Gazipur,Kapasia,24.08,90.57,S1,17.166297012896635,6.388844400039692,31.546042387820822,53.05505711089911,32.05556046875356,21.65760061387178,Acceptable
2039-01-01,2039,6,Narayanganj,Narayanganj Sadar,23.62,90.5,S1,37.62307106840984,21.18620169216863,70.67927970581405,87.64172011570341,94.35669868374875,49.402211854173075,Moderate
2039-01-01,2039,7,Narayanganj,Bandar,23.6,90.52,S1,30.54094217505203,13.321726489238998,58.485021116964866,76.45849913785683,76.00381051215075,39.75487595300233,Moderate
2039-01-01,2039,8,Narayanganj,Rupganj,23.75,90.53,S1,36.0599460433028,19.055370336166636,57.49290757794192,83.82644903826291,81.44913560288289,44.44525665839224,Moderate
2039-01-01,2039,9,Narayanganj,Sonargaon,23.65,90.62,S1,17.519600104982775,9.275159777926639,38.992292582375434,62.35306802150613,51.793124677198776,26.612119178372225,Moderate
2039-01-01,2039,10,Narayanganj,Araihazar,23.78,90.65,S1,19.989800633620835,7.6439359525561095,42.56644988048499,63.40493804572049,43.759599104718724,27.025512451116338,Moderate
2040-01-01,2040,1,Gazipur,Gazipur Sadar,23.99,90.42,S1,36.632714118999694,15.083928239899306,70.1262318383969,79.84240846187201,91.47704671360002,46.41926868150505,Moderate
2040-01-01,2040,2,Gazipur,Kaliakair,24.06,90.22,S1,29.13536341134495,9.988652422162339,55.52093334050271,67.0430479871446,75.43739441311187,36.99212648414159,Moderate
2040-01-01,2040,3,Gazipur,Sreepur,24.09,90.47,S1,21.40248702234341,8.517044421510754,39.07296063219634,61.37802298982001,55.427512722248196,28.288985074835644,Moderate
2040-01-01,2040,4,Gazipur,Kaliganj,23.92,90.57,S1,23.608635703693672,6.263435792275689,38.28662199452275,59.59537562491217,61.81157860875805,29.007087053982897,Moderate
2040-01-01,2040,5,Gazipur,Kapasia,24.08,90.57,S1,16.029547958231163,5.516743723155653,31.34014271911382,54.08653432971144,33.02885571564189,21.152709663386794,Acceptable
2040-01-01,2040,6,Narayanganj,Narayanganj Sadar,23.62,90.5,S1,35.73964976071814,18.926981628690424,70.18075213921828,88.38175721862848,95.26713733773744,48.180278201636234,Moderate
2040-01-01,2040,7,Narayanganj,Bandar,23.6,90.52,S1,28.91601857196789,11.93132505161774,58.14781121321116,77.32511316736428,76.70864465395249,38.863938496859035,Moderate
2040-01-01,2040,8,Narayanganj,Rupganj,23.75,90.53,S1,34.233578799027505,17.28281784528327,57.09761146371562,84.64161758299159,82.2364602494479,43.3751965035589,Moderate
2040-01-01,2040,9,Narayanganj,Sonargaon,23.65,90.62,S1,16.36995548745616,8.206407310651757,38.76909680380731,63.2906065218153,53.09249949425342,26.077127706531048,Moderate
2040-01-01,2040,10,Narayanganj,Araihazar,23.78,90.65,S1,18.749993696798928,6.7075075088591465,42.39515070239961,64.36456710381316,44.93144099400075,26.483562636051772,Moderate
